时间戳,设备ID,设备名称,AccX(g),AccY(g),AccZ(g),GyroX(°/s),GyroY(°/s),GyroZ(°/s),Roll(°),Pitch(°),Yaw(°),Q0,Q1,Q2,Q3
"2025-04-17T06:16:45.488Z",bak0EQ1249EhR2zo8jtPlA==,"WT901BLE67",0.7939,0.5952,0.2061,0.00,0.12,0.00,70.69,-51.41,8.26,0.714935,0.545349,-0.315277,0.303192
"2025-04-17T06:16:45.471Z",coMeIJiculHLY9tVdabqnA==,"WT901BLE67",0.0288,-0.0020,1.0234,-0.12,-0.06,-0.12,-0.16,-1.59,165.52,0.126007,0.013550,-0.003174,0.991882
"2025-04-17T06:16:45.541Z",EVoU4/j/V5+nc5YC16kNbQ==,"WT901BLE67",-0.0205,-0.0015,1.0122,-0.12,-0.31,0.00,-0.02,1.10,-115.42,0.534210,0.007996,0.005280,-0.845245
"2025-04-17T06:16:45.585Z",A4TCCCcOpH8j7oTmMud4gA==,"WT901BLE67",0.0205,-0.0244,1.0313,0.00,0.00,0.00,-1.37,-1.18,77.55,0.779510,-0.002869,-0.015472,0.626099
"2025-04-17T06:16:45.822Z",+UG3YJkPz/E5nyyWuZdCzQ==,"WT901BLE67",-0.0381,0.0073,1.0229,0.00,-0.18,0.06,-0.07,0.94,30.52,0.964722,-0.002716,0.007721,0.262970
"2025-04-17T06:16:45.938Z",bak0EQ1249EhR2zo8jtPlA==,"WT901BLE67",0.7930,0.5957,0.2090,0.00,0.12,0.00,70.69,-51.40,8.26,0.714966,0.545349,-0.315277,0.303131
"2025-04-17T06:16:45.901Z",n0oRagX4y0BAEER+B6AKug==,"WT901BLE67",-0.0083,-0.0596,1.0210,0.00,0.00,0.00,-3.79,0.43,-88.01,0.718872,-0.021149,0.025665,-0.694275
"2025-04-17T06:16:46.012Z",coMeIJiculHLY9tVdabqnA==,"WT901BLE67",0.0288,-0.0054,1.0264,0.06,0.18,-0.12,-0.16,-1.59,165.54,0.125824,0.013580,-0.003174,0.991913
"2025-04-17T06:16:46.025Z",EVoU4/j/V5+nc5YC16kNbQ==,"WT901BLE67",-0.0166,-0.0024,1.0137,-0.43,-0.61,0.00,-0.02,1.10,-115.38,0.534454,0.007965,0.005310,-0.845062
"2025-04-17T06:16:46.079Z",A4TCCCcOpH8j7oTmMud4gA==,"WT901BLE67",0.0137,-0.0269,1.0278,-0.12,-0.12,0.06,-1.37,-1.17,77.55,0.779510,-0.002899,-0.015472,0.626099
"2025-04-17T06:16:46.362Z",+UG3YJkPz/E5nyyWuZdCzQ==,"WT901BLE67",-0.0405,0.0020,1.0239,0.00,-0.12,0.12,-0.08,0.92,30.20,0.965454,-0.002747,0.007599,0.260193
"2025-04-17T06:16:46.430Z",bak0EQ1249EhR2zo8jtPlA==,"WT901BLE67",0.7915,0.5962,0.2114,0.00,0.12,0.00,70.69,-51.40,8.25,0.714966,0.545349,-0.315277,0.303101
"2025-04-17T06:16:46.381Z",n0oRagX4y0BAEER+B6AKug==,"WT901BLE67",-0.0024,-0.0615,1.0195,0.06,0.06,0.00,-3.78,0.43,-88.08,0.718475,-0.021118,0.025635,-0.694702
"2025-04-17T06:16:46.507Z",coMeIJiculHLY9tVdabqnA==,"WT901BLE67",0.0259,-0.0044,1.0244,-0.12,0.00,-0.12,-0.16,-1.59,165.55,0.125702,0.013550,-0.003113,0.991913
"2025-04-17T06:16:46.568Z",EVoU4/j/V5+nc5YC16kNbQ==,"WT901BLE67",-0.0151,0.0029,1.0132,-0.18,-0.37,0.00,-0.03,1.09,-115.34,0.534729,0.007935,0.005310,-0.844910
"2025-04-17T06:16:46.648Z",A4TCCCcOpH8j7oTmMud4gA==,"WT901BLE67",0.0166,-0.0298,1.0317,0.00,0.00,0.00,-1.36,-1.17,77.55,0.780212,-0.002869,-0.015503,0.625214
"2025-04-17T06:16:46.899Z",bak0EQ1249EhR2zo8jtPlA==,"WT901BLE67",0.7886,0.5962,0.2144,0.00,0.12,0.00,70.70,-51.40,8.25,0.714966,0.545349,-0.315308,0.303070
"2025-04-17T06:16:46.891Z",n0oRagX4y0BAEER+B6AKug==,"WT901BLE67",-0.0635,-0.0054,1.0352,1.59,1.83,0.85,-4.37,-0.06,-90.82,0.703461,-0.026489,0.029205,-0.709564
"2025-04-17T06:16:46.844Z",+UG3YJkPz/E5nyyWuZdCzQ==,"WT901BLE67",0.0483,-0.0098,1.1494,-211.91,-174.19,230.83,-17.87,8.45,57.91,0.803070,-0.242126,-0.027832,0.543640
"2025-04-17T06:16:46.935Z",coMeIJiculHLY9tVdabqnA==,"WT901BLE67",0.0342,-0.0044,1.0264,0.00,0.00,-0.18,-0.15,-1.58,165.56,0.125580,0.013550,-0.003082,0.991943
"2025-04-17T06:16:47.124Z",EVoU4/j/V5+nc5YC16kNbQ==,"WT901BLE67",0.0273,-0.0137,1.0127,-18.86,-3.23,-98.88,-1.53,0.25,-138.97,0.325623,-0.002808,0.016937,-0.945282
"2025-04-17T06:16:47.241Z",A4TCCCcOpH8j7oTmMud4gA==,"WT901BLE67",0.0542,-0.0400,1.0342,17.88,-23.56,50.29,1.59,-2.32,66.09,0.829651,0.050018,-0.014557,0.555756
"2025-04-17T06:16:47.356Z",+UG3YJkPz/E5nyyWuZdCzQ==,"WT901BLE67",-0.0220,-0.0400,1.3462,-12.15,5.55,-20.02,-0.62,-0.92,67.28,0.834045,-0.017639,-0.008331,0.551270
"2025-04-17T06:16:47.519Z",bak0EQ1249EhR2zo8jtPlA==,"WT901BLE67",0.9063,0.3486,0.4561,59.02,122.99,29.66,60.07,-59.42,12.24,0.721130,0.477966,-0.380249,0.326813
"2025-04-17T06:16:47.518Z",coMeIJiculHLY9tVdabqnA==,"WT901BLE67",0.0244,-0.0029,1.0220,-0.06,-0.06,-0.12,-0.15,-1.58,165.59,0.125427,0.013519,-0.003052,0.991943
"2025-04-17T06:16:47.518Z",n0oRagX4y0BAEER+B6AKug==,"WT901BLE67",-0.0127,-0.4399,0.9375,-31.01,-37.72,-11.78,-23.35,4.37,-100.12,0.636597,-0.112640,0.179230,-0.741486
"2025-04-17T06:16:47.602Z",EVoU4/j/V5+nc5YC16kNbQ==,"WT901BLE67",0.0303,-0.1230,1.0137,-51.15,-52.92,7.45,-7.04,-2.96,-152.70,0.230347,-0.061066,0.066833,-0.968842
"2025-04-17T06:16:47.698Z",A4TCCCcOpH8j7oTmMud4gA==,"WT901BLE67",0.1377,0.2480,0.9873,34.97,2.32,-10.31,17.49,-6.72,64.28,0.833069,0.173553,0.039276,0.523651
"2025-04-17T06:16:47.901Z",coMeIJiculHLY9tVdabqnA==,"WT901BLE67",0.0264,-0.0029,1.0229,-0.12,-0.06,-0.12,-0.15,-1.58,165.60,0.125305,0.013519,-0.003052,0.991974
"2025-04-17T06:16:47.912Z",n0oRagX4y0BAEER+B6AKug==,"WT901BLE67",0.0298,-0.4272,0.8760,-21.67,-23.74,-14.83,-30.33,-4.89,-104.28,0.577789,-0.200287,0.187439,-0.768616
"2025-04-17T06:16:48.101Z",bak0EQ1249EhR2zo8jtPlA==,"WT901BLE67",1.1592,0.8711,-0.0220,255.62,-403.93,149.96,49.59,-34.13,43.00,0.762299,0.470642,-0.100891,0.432587
"2025-04-17T06:16:47.954Z",+UG3YJkPz/E5nyyWuZdCzQ==,"WT901BLE67",-0.9014,-0.3389,0.3018,-4.52,-135.01,-18.43,-47.96,63.01,47.59,0.626343,-0.508514,0.278778,0.520844
"2025-04-17T06:16:47.934Z",EVoU4/j/V5+nc5YC16kNbQ==,"WT901BLE67",0.0698,-0.0498,1.0098,28.38,21.48,-0.67,-9.52,-9.29,-152.04,0.234741,-0.068054,0.040863,-0.968750
"2025-04-17T06:16:48.318Z",A4TCCCcOpH8j7oTmMud4gA==,"WT901BLE67",0.6929,0.7617,1.3867,173.46,-65.31,-24.84,24.80,-29.23,61.80,0.773926,0.329437,-0.076996,0.535217
"2025-04-17T06:16:48.535Z",+UG3YJkPz/E5nyyWuZdCzQ==,"WT901BLE67",-0.9282,-0.2319,-0.2725,-99.06,148.25,-106.99,-122.35,67.53,-16.00,0.378326,-0.771057,0.383850,0.338959
"2025-04-17T06:16:48.534Z",n0oRagX4y0BAEER+B6AKug==,"WT901BLE67",0.0762,-0.1929,1.0405,78.86,22.46,50.66,-8.73,-8.52,-136.64,0.374054,-0.081543,0.032776,-0.923187
"2025-04-17T06:16:48.645Z",bak0EQ1249EhR2zo8jtPlA==,"WT901BLE67",-0.5732,0.2202,0.9624,-92.65,401.00,-77.03,5.78,24.98,74.70,0.781677,-0.091919,0.201599,0.582886
"2025-04-17T06:16:48.535Z",EVoU4/j/V5+nc5YC16kNbQ==,"WT901BLE67",0.1123,-0.1113,1.0137,0.31,-16.42,125.73,0.26,-0.02,177.87,0.036774,-0.009186,-0.001770,-0.999237
"2025-04-17T06:16:48.798Z",coMeIJiculHLY9tVdabqnA==,"WT901BLE67",0.0269,-0.0015,1.0229,-0.06,0.00,-0.12,-0.15,-1.58,165.62,0.125122,0.013519,-0.002991,0.992004
"2025-04-17T06:16:48.913Z",A4TCCCcOpH8j7oTmMud4gA==,"WT901BLE67",-0.0137,-0.6563,0.2334,-1.34,170.90,-28.69,-58.60,16.75,76.11,0.645782,-0.483704,-0.165588,0.566986
"2025-04-17T06:16:49.158Z",bak0EQ1249EhR2zo8jtPlA==,"WT901BLE67",-0.5229,-0.0103,0.0459,-233.40,288.57,-127.75,-151.87,80.10,-108.27,0.614746,-0.308319,0.693329,0.214905
"2025-04-17T06:16:49.099Z",+UG3YJkPz/E5nyyWuZdCzQ==,"WT901BLE67",0.4219,-0.6143,-0.7788,-19.47,118.65,129.46,-145.99,-27.32,-130.61,-0.049011,-0.325317,0.875702,-0.353302
"2025-04-17T06:16:49.098Z",n0oRagX4y0BAEER+B6AKug==,"WT901BLE67",-0.2373,-0.6211,-0.1880,124.63,-771.73,282.59,-150.33,27.20,9.01,0.234436,-0.916870,0.003113,0.322906
"2025-04-17T06:16:49.157Z",coMeIJiculHLY9tVdabqnA==,"WT901BLE67",0.0273,-0.0029,1.0234,0.00,0.00,-0.12,-0.14,-1.58,165.64,0.124969,0.013519,-0.002991,0.992004
"2025-04-17T06:16:49.285Z",EVoU4/j/V5+nc5YC16kNbQ==,"WT901BLE67",-2.2778,-2.1665,-0.9814,-397.58,-0.18,492.61,177.92,40.07,-53.27,0.039276,-0.831055,0.461029,0.308441
"2025-04-17T06:16:49.462Z",A4TCCCcOpH8j7oTmMud4gA==,"WT901BLE67",0.0972,-0.4561,0.7593,65.86,102.84,-3.78,-52.43,18.89,48.14,0.797119,-0.467224,0.007416,0.382294
"2025-04-17T06:16:49.782Z",+UG3YJkPz/E5nyyWuZdCzQ==,"WT901BLE67",-0.1021,-1.0308,0.0068,-93.63,-157.84,-16.72,-93.30,-0.20,-124.04,0.340668,-0.423798,0.633636,-0.550201
"2025-04-17T06:16:49.739Z",EVoU4/j/V5+nc5YC16kNbQ==,"WT901BLE67",0.5698,0.3809,-1.0493,-24.48,-73.12,-109.01,157.76,-29.30,79.78,-0.024017,-0.741028,-0.585083,-0.328430
"2025-04-17T06:16:49.835Z",A4TCCCcOpH8j7oTmMud4gA==,"WT901BLE67",-0.4199,-0.8613,0.1870,-101.50,-72.20,46.88,-88.78,30.00,-14.88,0.670349,-0.672699,0.272583,0.153931
"2025-04-17T06:16:50.038Z",bak0EQ1249EhR2zo8jtPlA==,"WT901BLE67",-0.7847,-0.2725,0.3013,-132.63,-41.14,124.57,-40.40,76.49,14.64,0.703705,-0.343048,0.541626,0.305969
"2025-04-17T06:16:49.900Z",coMeIJiculHLY9tVdabqnA==,"WT901BLE67",-0.2959,0.5869,0.9844,0.06,11.54,-117.74,-0.71,-3.07,156.94,0.269684,0.030426,-0.015472,0.962280
"2025-04-17T06:16:50.037Z",n0oRagX4y0BAEER+B6AKug==,"WT901BLE67",-0.2188,0.4258,-0.5259,-50.42,42.11,29.36,168.36,2.14,117.63,-0.046173,-0.524078,-0.845581,-0.089844
"2025-04-17T06:16:50.392Z",n0oRagX4y0BAEER+B6AKug==,"WT901BLE67",0.1548,-0.7900,0.6914,544.31,337.59,-133.79,-48.18,19.06,123.25,0.428986,-0.392822,-0.107422,0.806244
"2025-04-17T06:16:50.477Z",bak0EQ1249EhR2zo8jtPlA==,"WT901BLE67",-0.7759,0.4824,-0.6675,134.46,59.51,-159.36,13.95,79.99,117.22,0.462646,-0.496124,0.411652,0.608490
"2025-04-17T06:16:50.393Z",+UG3YJkPz/E5nyyWuZdCzQ==,"WT901BLE67",0.9814,-0.7153,-0.1606,-22.40,124.63,32.41,-103.67,-6.01,-69.48,0.450500,-0.637665,0.469055,-0.412659
"2025-04-17T06:16:50.727Z",coMeIJiculHLY9tVdabqnA==,"WT901BLE67",1.6421,-0.2729,-0.8320,82.76,75.38,-384.22,-159.37,-3.98,-113.12,0.031067,-0.670441,0.716400,-0.190277
"2025-04-17T06:16:50.884Z",EVoU4/j/V5+nc5YC16kNbQ==,"WT901BLE67",-2.8994,-1.1079,0.6021,153.63,384.16,-290.77,-54.92,-23.96,-57.14,0.726929,-0.431549,0.068878,-0.529602
"2025-04-17T06:16:50.960Z",A4TCCCcOpH8j7oTmMud4gA==,"WT901BLE67",-0.4624,1.4443,-2.5796,-18.74,74.34,-3.72,-22.88,64.40,174.61,-0.039917,-0.525391,-0.113861,0.842194
"2025-04-17T06:16:51.043Z",bak0EQ1249EhR2zo8jtPlA==,"WT901BLE67",-0.7065,0.9600,-1.4399,290.34,49.01,-4.52,-68.02,45.04,68.74,0.511078,-0.605682,-0.029602,0.609070
"2025-04-17T06:16:50.969Z",coMeIJiculHLY9tVdabqnA==,"WT901BLE67",1.6270,-0.0576,1.1323,274.17,260.31,-179.26,129.71,-16.27,-120.90,-0.317139,-0.433197,0.800110,0.267365
"2025-04-17T06:16:50.884Z",EVoU4/j/V5+nc5YC16kNbQ==,"WT901BLE67",-2.8994,-1.1079,0.6021,153.63,384.16,-290.77,-54.92,-23.96,-57.14,0.793060,-0.483093,0.030579,-0.369598
"2025-04-17T06:16:51.042Z",n0oRagX4y0BAEER+B6AKug==,"WT901BLE67",-1.0845,0.1592,1.4380,85.39,-277.89,233.09,-67.08,-32.04,39.72,0.763367,-0.419464,-0.431396,0.234741
"2025-04-17T06:16:50.884Z",+UG3YJkPz/E5nyyWuZdCzQ==,"WT901BLE67",2.1646,-0.8823,-0.7637,91.19,-112.12,-40.53,-47.08,21.19,-19.16,0.889099,-0.340942,0.277954,-0.126007
"2025-04-17T06:16:51.590Z",A4TCCCcOpH8j7oTmMud4gA==,"WT901BLE67",-0.2603,1.4756,1.9648,-463.93,229.00,227.84,-5.01,33.97,166.11,-0.031311,-0.414398,-0.156738,0.895905
"2025-04-17T06:16:51.784Z",EVoU4/j/V5+nc5YC16kNbQ==,"WT901BLE67",0.4678,-3.2588,-1.5356,218.32,-13.00,103.45,-74.93,16.39,31.17,0.815186,-0.546204,0.056488,0.183960
"2025-04-17T06:16:51.934Z",bak0EQ1249EhR2zo8jtPlA==,"WT901BLE67",-0.0625,-0.1963,2.2432,-396.85,-34.97,266.42,-28.44,23.65,68.03,0.758209,-0.310455,0.030182,0.572449
"2025-04-17T06:16:51.784Z",+UG3YJkPz/E5nyyWuZdCzQ==,"WT901BLE67",-3.1182,0.4819,0.5088,-67.50,-192.99,35.64,-61.78,61.12,-75.15,0.832489,-0.191223,0.499847,-0.142944
"2025-04-17T06:16:51.785Z",coMeIJiculHLY9tVdabqnA==,"WT901BLE67",1.3818,-0.4121,-1.7974,-406.37,-248.90,148.99,137.16,-51.63,-61.75,-0.495300,-0.559204,0.660614,-0.073822
"2025-04-17T06:16:51.933Z",n0oRagX4y0BAEER+B6AKug==,"WT901BLE67",-0.6055,-1.8691,0.0693,20.26,362.67,-301.21,-55.04,4.38,100.33,0.706848,-0.387482,-0.300446,0.509735
"2025-04-17T06:16:52.316Z",A4TCCCcOpH8j7oTmMud4gA==,"WT901BLE67",-0.3247,2.1436,-0.6367,-308.23,251.83,140.87,-53.04,72.38,179.84,-0.280975,-0.560944,-0.400116,0.667999
"2025-04-17T06:16:52.511Z",+UG3YJkPz/E5nyyWuZdCzQ==,"WT901BLE67",-0.1040,-0.8115,-0.5840,106.38,500.43,-96.01,-36.52,13.70,11.49,0.919464,-0.296692,0.255402,0.034546
"2025-04-17T06:16:52.612Z",n0oRagX4y0BAEER+B6AKug==,"WT901BLE67",-1.5049,-0.9121,-0.3379,-127.56,-627.32,468.51,-81.58,-27.82,55.26,0.504089,-0.508636,-0.591614,0.370209
"2025-04-17T06:16:52.768Z",bak0EQ1249EhR2zo8jtPlA==,"WT901BLE67",1.2065,-0.6494,3.0342,142.15,-169.56,-323.36,-38.68,17.61,73.10,0.718811,-0.348938,-0.078857,0.596008
"2025-04-17T06:16:52.863Z",coMeIJiculHLY9tVdabqnA==,"WT901BLE67",-1.3438,-1.0601,-3.1382,29.97,110.66,-82.52,170.10,-10.51,-75.10,-0.127563,-0.785309,0.605133,-0.026672
"2025-04-17T06:16:52.863Z",n0oRagX4y0BAEER+B6AKug==,"WT901BLE67",0.3042,-1.9839,-2.8257,68.36,-114.69,41.02,-100.52,-2.99,102.14,0.417816,-0.465637,-0.609619,0.486664
"2025-04-17T06:16:53.079Z",bak0EQ1249EhR2zo8jtPlA==,"WT901BLE67",1.4121,-1.9370,1.1816,-89.36,-32.17,136.05,-44.06,10.20,69.65,0.738892,-0.353729,-0.145691,0.554596
"2025-04-17T06:16:52.863Z",+UG3YJkPz/E5nyyWuZdCzQ==,"WT901BLE67",-3.4009,1.2329,1.0273,356.75,107.91,126.77,-27.69,49.29,-20.90,0.915009,-0.081238,0.386627,-0.081238
"2025-04-17T06:16:52.964Z",EVoU4/j/V5+nc5YC16kNbQ==,"WT901BLE67",1.7021,-1.1553,-1.7788,-12.33,39.31,-29.54,-98.90,-16.98,22.03,0.659912,-0.718964,-0.215210,-0.034454
"2025-04-17T06:16:52.862Z",A4TCCCcOpH8j7oTmMud4gA==,"WT901BLE67",1.4712,-1.9517,4.0186,-110.05,-159.42,-195.62,-16.39,22.62,159.20,0.125946,-0.243103,-0.152618,0.949554
"2025-04-17T06:16:53.666Z",coMeIJiculHLY9tVdabqnA==,"WT901BLE67",0.6846,-1.6431,-3.3545,188.48,-68.36,-732.42,168.59,43.92,-131.29,0.345428,-0.702667,0.591461,0.192413
"2025-04-17T06:16:53.877Z",EVoU4/j/V5+nc5YC16kNbQ==,"WT901BLE67",0.1260,0.2139,-0.8501,-55.30,558.47,-40.04,-64.07,-67.95,-8.77,0.688721,-0.432159,-0.300476,-0.498474
"2025-04-17T06:16:54.051Z",A4TCCCcOpH8j7oTmMud4gA==,"WT901BLE67",1.9541,-0.9746,5.0039,-78.86,-107.48,-478.33,-43.68,-1.48,156.99,0.315125,-0.067657,-0.385101,0.864685
"2025-04-17T06:16:54.281Z",EVoU4/j/V5+nc5YC16kNbQ==,"WT901BLE67",-0.5640,-1.3042,0.4316,-241.58,-589.90,-117.98,-58.41,-55.84,-71.80,0.246674,-0.867096,-0.296844,-0.314728
"2025-04-17T06:16:54.282Z",A4TCCCcOpH8j7oTmMud4gA==,"WT901BLE67",1.1855,-1.1001,0.7817,-255.37,89.23,281.31,-52.29,-6.58,118.65,0.401733,-0.273682,-0.425446,0.763275
"2025-04-17T06:16:54.594Z",bak0EQ1249EhR2zo8jtPlA==,"WT901BLE67",0.9229,-0.2271,0.1274,-227.72,-73.91,313.84,-68.42,-20.94,47.90,0.784637,-0.444244,-0.361786,0.236694
"2025-04-17T06:16:54.282Z",+UG3YJkPz/E5nyyWuZdCzQ==,"WT901BLE67",-1.0059,1.4204,0.3848,-226.75,-309.39,127.62,36.04,40.79,-9.90,0.954346,0.189789,0.180878,-0.142792
"2025-04-17T06:16:54.853Z",coMeIJiculHLY9tVdabqnA==,"WT901BLE67",-0.0215,-3.6001,-3.2749,-39.73,-336.30,-857.18,-155.91,49.75,-94.17,0.467590,-0.668091,0.556580,0.158508
"2025-04-17T06:16:54.282Z",n0oRagX4y0BAEER+B6AKug==,"WT901BLE67",-1.6953,-1.8828,-1.8218,-348.33,-733.70,-301.70,-153.81,-4.22,85.51,0.075043,-0.555267,-0.802460,0.204895
"2025-04-17T06:16:55.206Z",n0oRagX4y0BAEER+B6AKug==,"WT901BLE67",-1.1484,-1.7061,-1.6934,-2.08,-549.44,-439.94,-152.85,-0.91,95.65,0.163300,-0.651154,-0.721619,0.168701
"2025-04-17T06:16:55.335Z",bak0EQ1249EhR2zo8jtPlA==,"WT901BLE67",0.9717,-0.2349,-0.2891,-142.33,-184.27,352.60,-74.92,-15.66,50.34,0.746887,-0.499298,-0.354156,0.259399
"2025-04-17T06:16:55.205Z",+UG3YJkPz/E5nyyWuZdCzQ==,"WT901BLE67",-0.4546,1.5474,0.3101,-274.72,-244.57,60.42,29.06,28.42,-16.33,0.974213,0.134918,0.121338,-0.133606
"2025-04-17T06:16:55.206Z",coMeIJiculHLY9tVdabqnA==,"WT901BLE67",-1.0000,-2.5864,-2.2998,-351.14,-131.77,-621.40,-142.52,48.71,-74.43,0.452637,-0.674103,0.566833,0.138824
"2025-04-17T06:16:55.726Z",+UG3YJkPz/E5nyyWuZdCzQ==,"WT901BLE67",0.3740,0.0796,-0.0713,-242.25,-30.64,233.40,0.66,9.17,-3.44,0.991882,-0.059875,0.088776,0.067871
"2025-04-17T06:16:55.863Z",EVoU4/j/V5+nc5YC16kNbQ==,"WT901BLE67",0.4814,-1.1494,-2.2139,572.27,-132.63,-211.36,-160.65,-34.33,57.27,0.537109,-0.613953,-0.559296,-0.147247
"2025-04-17T06:16:56.128Z",bak0EQ1249EhR2zo8jtPlA==,"WT901BLE67",-0.8726,0.5117,0.3706,214.36,-224.67,6.04,-72.72,6.21,84.36,0.574219,-0.467987,-0.365204,0.563721
"2025-04-17T06:16:55.864Z",A4TCCCcOpH8j7oTmMud4gA==,"WT901BLE67",0.0063,0.2266,-0.5386,-63.78,-208.01,254.15,-66.82,30.33,139.98,0.024597,-0.333344,-0.409241,0.848938
"2025-04-17T06:16:56.127Z",n0oRagX4y0BAEER+B6AKug==,"WT901BLE67",-0.4150,-0.1509,-2.9434,85.08,333.13,-328.06,-132.11,-15.03,134.49,0.475830,-0.255768,-0.809418,0.229950
"2025-04-17T06:16:56.624Z",coMeIJiculHLY9tVdabqnA==,"WT901BLE67",-0.1851,-1.2246,-0.3271,-198.79,-106.45,463.01,135.74,42.66,-100.34,0.006836,-0.628052,0.595093,0.501282
"2025-04-17T06:16:56.787Z",EVoU4/j/V5+nc5YC16kNbQ==,"WT901BLE67",1.1611,-0.2329,-1.5947,32.78,579.83,-246.15,-105.58,-47.32,47.07,0.776276,-0.449158,-0.281311,-0.341125
"2025-04-17T06:16:57.011Z",A4TCCCcOpH8j7oTmMud4gA==,"WT901BLE67",-0.2827,1.6904,1.0269,88.44,-488.10,-439.03,-37.00,9.51,150.63,0.351257,0.062683,-0.298492,0.885162
"2025-04-17T06:16:57.196Z",n0oRagX4y0BAEER+B6AKug==,"WT901BLE67",-0.2588,0.1304,-0.1543,-29.54,500.18,-114.75,-83.95,-48.70,92.31,0.726257,-0.225403,-0.597504,0.254181
"2025-04-17T06:16:57.342Z",bak0EQ1249EhR2zo8jtPlA==,"WT901BLE67",0.9419,-0.1411,2.9438,43.46,-78.06,-505.25,-24.65,-31.39,47.92,0.882874,-0.080505,-0.324951,0.329193
"2025-04-17T06:16:56.788Z",+UG3YJkPz/E5nyyWuZdCzQ==,"WT901BLE67",-0.7983,-1.2388,-0.0830,417.97,410.40,295.59,-2.29,33.26,-0.92,0.811401,0.297333,0.502747,-0.019318
"2025-04-17T06:16:57.721Z",bak0EQ1249EhR2zo8jtPlA==,"WT901BLE67",1.3545,-0.2173,0.4111,-318.97,36.80,271.30,-46.20,-12.80,10.23,0.914307,-0.379150,-0.136902,0.037964
"2025-04-17T06:16:57.868Z",+UG3YJkPz/E5nyyWuZdCzQ==,"WT901BLE67",-0.8398,1.3037,0.4375,-225.22,-350.10,-66.71,16.16,47.96,-45.74,0.902985,0.047394,0.217896,-0.367157
"2025-04-17T06:16:58.050Z",EVoU4/j/V5+nc5YC16kNbQ==,"WT901BLE67",-0.2266,-1.3960,0.3296,-171.39,-499.02,-218.69,-106.72,-54.43,-31.00,0.264069,-0.857635,-0.424042,-0.121704
"2025-04-17T06:16:58.050Z",A4TCCCcOpH8j7oTmMud4gA==,"WT901BLE67",1.5225,-0.3452,2.5425,-79.10,272.40,-482.36,-34.76,-28.55,159.40,0.462067,0.067108,-0.307739,0.828949
"2025-04-17T06:16:58.051Z",n0oRagX4y0BAEER+B6AKug==,"WT901BLE67",-1.3076,-1.8418,-1.6670,-170.84,-719.42,-308.35,-131.47,2.53,102.66,0.174866,-0.483643,-0.777527,0.361755
"2025-04-17T06:16:58.051Z",coMeIJiculHLY9tVdabqnA==,"WT901BLE67",-0.2085,-2.9233,-3.0195,-169.80,-194.15,-792.18,-157.95,37.05,-101.45,0.302124,-0.734741,0.599426,0.097137
"2025-04-17T06:16:58.897Z",n0oRagX4y0BAEER+B6AKug==,"WT901BLE67",-0.0908,0.2319,0.0874,23.99,497.50,-167.48,-60.49,-40.49,70.05,0.854767,-0.331482,-0.360840,0.170837
"2025-04-17T06:16:58.893Z",+UG3YJkPz/E5nyyWuZdCzQ==,"WT901BLE67",-0.6787,0.5698,0.0630,-463.13,-308.29,32.65,-7.69,29.78,-30.72,0.939392,-0.282928,0.182831,-0.062775
"2025-04-17T06:16:58.894Z",EVoU4/j/V5+nc5YC16kNbQ==,"WT901BLE67",-0.3130,0.1675,0.0278,-264.77,520.81,-117.00,-49.30,-35.38,-40.62,0.732574,-0.473938,-0.039093,-0.486877
"2025-04-17T06:16:58.894Z",A4TCCCcOpH8j7oTmMud4gA==,"WT901BLE67",0.9077,-0.1904,0.4204,-158.51,154.48,534.12,-40.45,30.11,129.59,-0.048950,-0.421692,-0.114929,0.898041
"2025-04-17T06:16:59.602Z",bak0EQ1249EhR2zo8jtPlA==,"WT901BLE67",-0.5518,0.7798,-0.1807,34.30,-245.61,504.70,-52.68,41.97,84.47,0.512604,-0.522430,-0.040894,0.680084
"2025-04-17T06:16:58.912Z",coMeIJiculHLY9tVdabqnA==,"WT901BLE67",0.4370,-0.1196,0.3882,-193.30,-193.48,462.04,121.53,7.79,-137.32,-0.056519,-0.013458,0.886292,0.459381
"2025-04-17T06:17:00.002Z",coMeIJiculHLY9tVdabqnA==,"WT901BLE67",-1.8813,-4.1709,-3.8213,232.42,-601.26,-639.34,-174.87,14.49,-121.37,0.227570,-0.585022,0.775116,0.071045
"2025-04-17T06:17:00.277Z",EVoU4/j/V5+nc5YC16kNbQ==,"WT901BLE67",0.4941,-1.4482,-2.5112,32.53,-173.65,-345.95,-138.23,-24.11,45.89,0.461975,-0.738678,-0.488373,-0.048126
"2025-04-17T06:17:00.425Z",A4TCCCcOpH8j7oTmMud4gA==,"WT901BLE67",1.4746,-4.0396,-0.6514,-302.12,-243.71,381.77,-40.72,1.04,115.55,0.281982,-0.250153,-0.383820,0.842896
"2025-04-17T06:17:00.427Z",+UG3YJkPz/E5nyyWuZdCzQ==,"WT901BLE67",-0.8623,2.8081,0.9497,-46.20,-206.91,356.57,20.24,39.40,-32.84,0.982544,0.102234,0.138611,-0.069794
"2025-04-17T06:17:00.827Z",+UG3YJkPz/E5nyyWuZdCzQ==,"WT901BLE67",-0.7222,-2.0562,-0.9194,-123.96,38.21,12.51,-42.29,21.25,27.21,0.874146,-0.388550,0.090576,0.276733
"2025-04-17T06:17:00.826Z",EVoU4/j/V5+nc5YC16kNbQ==,"WT901BLE67",-1.1323,-0.9033,0.3867,-10.62,490.72,-66.83,-61.44,-16.75,-75.92,0.591278,-0.408813,0.233917,-0.654541
"2025-04-17T06:17:00.824Z",n0oRagX4y0BAEER+B6AKug==,"WT901BLE67",-0.6812,-0.3501,0.9453,101.32,517.33,-186.58,-59.50,-21.57,25.79,0.892090,-0.415009,-0.153809,-0.090332
"2025-04-17T06:17:01.363Z",bak0EQ1249EhR2zo8jtPlA==,"WT901BLE67",-1.9873,1.4312,1.1431,36.68,-15.75,2.50,-45.25,34.49,121.08,0.334167,-0.418976,-0.185272,0.823639
"2025-04-17T06:17:00.826Z",coMeIJiculHLY9tVdabqnA==,"WT901BLE67",1.7979,-0.2983,-0.3135,-238.40,-88.68,507.51,131.68,-9.89,166.96,-0.003387,0.318329,0.808838,0.494263
"2025-04-17T06:17:01.642Z",A4TCCCcOpH8j7oTmMud4gA==,"WT901BLE67",-0.0874,1.2471,0.5601,152.47,-100.28,-498.41,-21.18,29.42,-171.83,0.244904,-0.113892,-0.274048,0.922943
"2025-04-17T06:17:01.939Z",bak0EQ1249EhR2zo8jtPlA==,"WT901BLE67",2.5088,-1.0176,1.9038,-363.53,69.70,-485.23,-46.71,-5.14,57.77,0.811523,-0.326904,-0.227386,0.427460
"2025-04-17T06:17:01.927Z",EVoU4/j/V5+nc5YC16kNbQ==,"WT901BLE67",1.3047,-0.9219,-1.9644,58.47,-504.52,-511.78,-122.31,-43.42,12.61,0.468689,-0.747894,-0.408112,-0.233032
"2025-04-17T06:17:01.900Z",A4TCCCcOpH8j7oTmMud4gA==,"WT901BLE67",-0.2847,1.0127,0.5952,197.39,-106.75,-465.58,-19.24,29.46,-175.33,0.212067,-0.136139,-0.214386,0.943634
"2025-04-17T06:17:01.904Z",n0oRagX4y0BAEER+B6AKug==,"WT901BLE67",-1.0288,-1.5952,-1.0186,-244.69,-729.43,133.24,-94.78,-20.48,68.65,0.487335,-0.518555,-0.636383,0.297485
"2025-04-17T06:17:01.901Z",+UG3YJkPz/E5nyyWuZdCzQ==,"WT901BLE67",-0.5205,-0.8291,-0.1377,349.49,321.17,-145.87,-28.53,31.16,5.45,0.917877,0.097839,0.368195,-0.110657
"2025-04-17T06:17:01.920Z",coMeIJiculHLY9tVdabqnA==,"WT901BLE67",0.3564,-1.8203,-2.0942,217.90,-47.61,-744.08,155.60,19.97,-161.24,0.288086,-0.421906,0.831848,0.216614
"2025-04-17T06:17:02.979Z",bak0EQ1249EhR2zo8jtPlA==,"WT901BLE67",-0.2915,0.2412,1.0630,295.47,83.37,-544.43,-35.71,10.76,71.95,0.749939,-0.299438,-0.107056,0.579956
"2025-04-17T06:17:02.979Z",+UG3YJkPz/E5nyyWuZdCzQ==,"WT901BLE67",-0.6123,-0.7441,-0.1499,331.30,359.38,-126.89,-27.32,39.45,-3.70,0.889679,-0.107025,0.440338,-0.055023
"2025-04-17T06:17:03.208Z",n0oRagX4y0BAEER+B6AKug==,"WT901BLE67",-0.5005,-0.8804,0.5107,18.13,-614.93,390.93,-64.02,-21.94,39.87,0.644409,-0.452515,-0.469604,0.399139
"2025-04-17T06:17:03.208Z",coMeIJiculHLY9tVdabqnA==,"WT901BLE67",1.1099,-0.1064,-0.6216,354.49,285.77,-552.19,137.75,-4.07,-173.40,-0.049072,-0.218658,0.938293,0.263275
"2025-04-17T06:17:03.208Z",A4TCCCcOpH8j7oTmMud4gA==,"WT901BLE67",-0.0879,0.9019,0.7896,211.24,-129.76,-428.04,-16.72,22.82,176.58,0.354919,-0.056030,-0.136047,0.923187
"2025-04-17T06:17:03.643Z",EVoU4/j/V5+nc5YC16kNbQ==,"WT901BLE67",1.3345,-0.1230,-2.0630,-9.95,-20.20,-60.18,-120.99,-30.96,33.61,0.528442,-0.762299,-0.355591,-0.114349
"2025-04-17T06:17:03.644Z",A4TCCCcOpH8j7oTmMud4gA==,"WT901BLE67",1.6626,-1.5117,1.6914,-81.30,127.20,-387.88,-19.28,-1.28,126.79,0.519623,-0.143311,-0.183380,0.822021
"2025-04-17T06:17:04.211Z",n0oRagX4y0BAEER+B6AKug==,"WT901BLE67",0.0674,0.0298,0.1245,-7.63,408.94,-67.14,-73.41,-41.25,54.67,0.801483,-0.385498,-0.443054,0.112244
"2025-04-17T06:17:04.211Z",+UG3YJkPz/E5nyyWuZdCzQ==,"WT901BLE67",-0.2993,0.2021,0.3574,-335.27,-123.60,60.73,0.23,27.56,-19.51,0.967438,-0.129333,0.216309,-0.021484
"2025-04-17T06:17:04.211Z",coMeIJiculHLY9tVdabqnA==,"WT901BLE67",0.2241,0.1680,0.1733,-44.56,-112.67,390.69,128.34,17.16,-160.38,0.052643,-0.181244,0.871368,0.452759
"2025-04-17T06:17:04.211Z",A4TCCCcOpH8j7oTmMud4gA==,"WT901BLE67",0.0488,-0.1094,0.0884,-37.66,-3.54,338.99,-45.86,23.77,136.43,0.101868,-0.327454,-0.261780,0.902100
"2025-04-17T06:17:04.918Z",bak0EQ1249EhR2zo8jtPlA==,"WT901BLE67",-0.4048,-0.1294,0.3203,48.89,-184.02,275.76,-61.53,13.51,66.60,0.680084,-0.480042,-0.194366,0.518768
"2025-04-17T06:17:04.789Z",EVoU4/j/V5+nc5YC16kNbQ==,"WT901BLE67",-0.1084,-0.1167,0.1494,-191.89,387.02,-11.72,-54.43,-32.98,-52.39,0.623810,-0.520569,0.109802,-0.572449
"2025-04-17T06:17:05.344Z",n0oRagX4y0BAEER+B6AKug==,"WT901BLE67",-0.4434,1.8213,0.9023,36.19,-1.10,-79.90,51.79,-54.06,-108.18,0.631531,-0.117035,-0.578278,-0.502960
"2025-04-17T06:17:05.585Z",bak0EQ1249EhR2zo8jtPlA==,"WT901BLE67",-0.3628,0.2456,-0.9653,342.04,103.88,-46.26,-125.81,22.77,50.15,0.329865,-0.828522,-0.288452,0.348450
"2025-04-17T06:17:05.341Z",coMeIJiculHLY9tVdabqnA==,"WT901BLE67",1.0518,0.4204,2.1484,-66.77,-25.70,35.83,54.87,9.14,124.15,0.446625,0.039917,0.542633,0.710205
"2025-04-17T06:17:05.585Z",EVoU4/j/V5+nc5YC16kNbQ==,"WT901BLE67",-1.0259,1.2100,0.7231,-2.81,-126.83,82.09,23.32,-25.31,-130.94,0.470764,-0.275726,-0.295868,-0.784027
"2025-04-17T06:17:05.731Z",+UG3YJkPz/E5nyyWuZdCzQ==,"WT901BLE67",1.0215,-0.2627,-0.2832,-6.65,314.33,-81.85,-25.48,-41.49,6.13,0.956909,-0.164459,-0.221344,-0.090576
"2025-04-17T06:17:06.005Z",A4TCCCcOpH8j7oTmMud4gA==,"WT901BLE67",-0.3096,0.6016,-0.9946,291.81,-158.94,-125.31,-142.14,64.58,83.96,0.056519,-0.568817,-0.295074,0.765533
"2025-04-17T06:17:06.148Z",n0oRagX4y0BAEER+B6AKug==,"WT901BLE67",-0.1675,0.9536,0.0894,101.62,-220.28,376.22,70.31,-80.07,-120.63,0.654663,-0.439117,-0.612610,-0.056305
"2025-04-17T06:17:06.440Z",bak0EQ1249EhR2zo8jtPlA==,"WT901BLE67",0.5010,-0.1143,0.6553,606.45,155.58,77.27,-69.55,15.13,38.84,0.742889,-0.569214,-0.085968,0.341522
"2025-04-17T06:17:06.716Z",+UG3YJkPz/E5nyyWuZdCzQ==,"WT901BLE67",-0.3760,0.0771,0.7715,7.26,126.83,-23.38,-5.81,32.93,-16.98,0.931305,-0.026154,0.340851,-0.125305
"2025-04-17T06:17:06.715Z",EVoU4/j/V5+nc5YC16kNbQ==,"WT901BLE67",-1.0840,-2.0391,0.3296,158.87,-56.21,-234.38,-66.25,8.63,-45.67,0.731964,-0.427399,0.024170,-0.529968
"2025-04-17T06:17:06.718Z",A4TCCCcOpH8j7oTmMud4gA==,"WT901BLE67",-0.3784,-0.8018,0.4038,137.63,-92.59,-55.24,-36.52,23.64,150.85,0.177185,-0.197662,-0.203674,0.942291
"2025-04-17T06:17:07.281Z",bak0EQ1249EhR2zo8jtPlA==,"WT901BLE67",0.0469,-0.8506,0.8979,181.88,-46.51,3.05,-48.22,2.08,47.21,0.833191,-0.380890,-0.148376,0.372253
"2025-04-17T06:17:07.140Z",coMeIJiculHLY9tVdabqnA==,"WT901BLE67",1.2808,-0.4810,-1.0781,-353.64,-304.87,-261.05,119.49,-9.57,177.32,0.114502,0.034882,0.773224,0.622650
"2025-04-17T06:17:07.281Z",n0oRagX4y0BAEER+B6AKug==,"WT901BLE67",-0.8145,-1.0308,0.8794,-118.90,-239.69,-448.97,-43.75,-34.50,21.49,0.808167,-0.239136,-0.519531,-0.140320
"2025-04-17T06:17:07.833Z",n0oRagX4y0BAEER+B6AKug==,"WT901BLE67",-0.3428,2.1421,1.0435,-108.40,14.59,75.99,61.23,-40.36,-135.41,0.510101,-0.143951,-0.563690,-0.633392
"2025-04-17T06:17:07.832Z",+UG3YJkPz/E5nyyWuZdCzQ==,"WT901BLE67",-0.7407,-0.2305,0.7705,-18.19,-5.31,-13.12,-13.28,40.13,-21.59,0.922852,-0.049194,0.353394,-0.144775
"2025-04-17T06:17:07.834Z",coMeIJiculHLY9tVdabqnA==,"WT901BLE67",0.4941,0.1841,2.6353,130.49,-41.93,8.73,43.65,-0.32,106.84,0.523254,0.204681,0.419464,0.712921
"2025-04-17T06:17:07.833Z",A4TCCCcOpH8j7oTmMud4gA==,"WT901BLE67",-0.3184,-0.4155,0.9810,16.72,8.73,12.02,-26.10,17.28,154.11,0.184174,-0.197021,-0.177429,0.946411
"2025-04-17T06:17:08.470Z",bak0EQ1249EhR2zo8jtPlA==,"WT901BLE67",-0.0435,-0.6357,0.6782,-5.43,-3.36,-11.66,-43.37,2.69,45.87,0.852112,-0.348663,-0.123810,0.369995
"2025-04-17T06:17:08.045Z",+UG3YJkPz/E5nyyWuZdCzQ==,"WT901BLE67",-0.6162,-0.1797,0.7192,13.67,-2.56,6.59,-14.34,39.63,-23.01,0.922974,-0.044861,0.353638,-0.144684
"2025-04-17T06:17:08.885Z",bak0EQ1249EhR2zo8jtPlA==,"WT901BLE67",0.0166,-0.6948,0.7026,3.17,-1.10,6.16,-42.06,1.90,45.67,0.857758,-0.336639,-0.124939,0.367676
"2025-04-17T06:17:09.099Z",n0oRagX4y0BAEER+B6AKug==,"WT901BLE67",0.0879,0.7051,-0.0693,86.06,11.60,374.94,89.29,-73.83,-137.97,0.605255,-0.205963,-0.675476,-0.367279
"2025-04-17T06:17:09.261Z",coMeIJiculHLY9tVdabqnA==,"WT901BLE67",1.6030,-1.0698,-2.0225,51.03,966.86,322.02,139.96,-25.82,-179.85,-0.584656,0.090668,0.734680,0.331787
"2025-04-17T06:17:09.408Z",bak0EQ1249EhR2zo8jtPlA==,"WT901BLE67",0.0581,-0.7393,0.7129,10.74,-0.98,4.21,-41.54,0.82,45.23,0.862061,-0.329987,-0.130127,0.361847
"2025-04-17T06:17:09.261Z",EVoU4/j/V5+nc5YC16kNbQ==,"WT901BLE67",-0.6992,-1.5762,0.6694,654.97,60.61,785.34,-49.82,22.92,-31.97,0.906769,-0.227875,0.348541,-0.065002
"2025-04-17T06:17:09.703Z",A4TCCCcOpH8j7oTmMud4gA==,"WT901BLE67",-0.3003,-0.5547,0.8467,6.53,-6.71,-1.71,-24.91,15.55,154.26,0.184784,-0.174866,-0.174835,0.951111
"2025-04-17T06:17:09.556Z",+UG3YJkPz/E5nyyWuZdCzQ==,"WT901BLE67",-0.6182,-0.1211,0.8022,4.03,9.77,1.10,-13.92,41.21,-23.44,0.917175,-0.042206,0.368378,-0.145660
"2025-04-17T06:17:09.844Z",n0oRagX4y0BAEER+B6AKug==,"WT901BLE67",-0.7124,-0.9434,2.3223,2.44,27.22,-18.55,-9.56,8.21,42.31,0.929871,-0.087830,0.027618,0.356049
"2025-04-17T06:17:10.227Z",EVoU4/j/V5+nc5YC16kNbQ==,"WT901BLE67",0.1958,0.4766,-0.5342,204.53,-403.38,-641.60,-12.01,-63.97,-58.70,0.524139,-0.249054,-0.640839,-0.502472
"2025-04-17T06:17:10.385Z",A4TCCCcOpH8j7oTmMud4gA==,"WT901BLE67",0.0952,-1.2822,-0.7598,98.14,-121.77,122.56,-102.77,43.04,53.57,0.373291,-0.721222,-0.088959,0.576599
"2025-04-17T06:17:10.630Z",bak0EQ1249EhR2zo8jtPlA==,"WT901BLE67",0.2192,-0.7202,-0.2393,64.70,-118.96,169.68,-102.85,16.31,-10.38,0.624634,-0.762695,0.158142,0.054596
"2025-04-17T06:17:10.387Z",+UG3YJkPz/E5nyyWuZdCzQ==,"WT901BLE67",0.5776,1.1846,0.6724,-164.18,77.76,84.29,7.14,-28.28,-83.28,0.768524,-0.185120,-0.125336,-0.599426
"2025-04-17T06:17:10.387Z",coMeIJiculHLY9tVdabqnA==,"WT901BLE67",0.7549,-0.0269,-0.7334,-1.71,-29.36,-8.00,178.06,-43.50,-167.35,-0.362091,-0.097839,0.926666,-0.022766
"2025-04-17T06:17:10.385Z",n0oRagX4y0BAEER+B6AKug==,"WT901BLE67",-0.4478,-0.7114,0.6504,-24.84,-2.62,-13.61,-48.41,22.97,69.47,0.687592,-0.434998,-0.081787,0.575500
"2025-04-17T06:17:11.302Z",EVoU4/j/V5+nc5YC16kNbQ==,"WT901BLE67",-0.4907,-0.8076,0.0259,8.67,4.46,12.33,-91.18,30.79,-16.73,0.695984,-0.651855,0.287079,0.090454
"2025-04-17T06:17:11.449Z",A4TCCCcOpH8j7oTmMud4gA==,"WT901BLE67",0.2485,-0.2148,0.0386,87.34,-208.37,403.93,3.63,69.28,158.14,0.127533,-0.508392,0.177887,0.832764
"2025-04-17T06:17:11.613Z",bak0EQ1249EhR2zo8jtPlA==,"WT901BLE67",-1.5142,2.1909,0.4243,88.75,1.95,329.71,69.90,55.35,141.70,0.489441,-0.193237,0.604065,0.598389
"2025-04-17T06:17:11.613Z",+UG3YJkPz/E5nyyWuZdCzQ==,"WT901BLE67",-0.6035,-1.1924,-1.2373,-524.72,89.66,-38.21,-106.42,4.30,-57.15,0.442474,-0.749115,0.444794,-0.212341
"2025-04-17T06:17:12.079Z",n0oRagX4y0BAEER+B6AKug==,"WT901BLE67",-0.3872,-0.6934,0.5894,-1.40,-3.23,-6.53,-50.06,22.22,62.81,0.719696,-0.442535,-0.066101,0.530762
"2025-04-17T06:17:12.078Z",EVoU4/j/V5+nc5YC16kNbQ==,"WT901BLE67",-0.4922,-0.8369,-0.0210,6.04,0.43,0.43,-91.27,30.19,-21.08,0.699249,-0.642792,0.307159,0.058228
"2025-04-17T06:17:12.358Z",bak0EQ1249EhR2zo8jtPlA==,"WT901BLE67",0.4609,0.3467,0.3521,-75.44,178.89,-548.16,-103.21,56.80,-31.56,0.627075,-0.583038,0.471771,0.210175
"2025-04-17T06:17:12.222Z",coMeIJiculHLY9tVdabqnA==,"WT901BLE67",0.7017,0.0254,-0.6904,-3.54,2.14,-3.97,176.61,-42.03,-171.40,-0.360260,-0.059875,0.930878,0.001709
"2025-04-17T06:17:12.771Z",n0oRagX4y0BAEER+B6AKug==,"WT901BLE67",0.6621,0.3110,-0.9067,-114.26,-79.83,-6.59,-92.70,-46.49,95.11,0.627197,-0.261993,-0.684418,0.263458
"2025-04-17T06:17:12.767Z",+UG3YJkPz/E5nyyWuZdCzQ==,"WT901BLE67",0.3701,1.4600,0.8228,59.20,144.53,-22.71,8.06,-16.68,-99.42,0.661621,-0.060669,-0.114594,-0.738464
"2025-04-17T06:17:12.771Z",coMeIJiculHLY9tVdabqnA==,"WT901BLE67",-1.3730,0.0557,0.5703,52.92,-93.81,-91.31,131.69,23.48,-140.77,0.050873,-0.379517,0.813263,0.438019
"2025-04-17T06:17:12.767Z",A4TCCCcOpH8j7oTmMud4gA==,"WT901BLE67",0.3745,-1.8232,-0.6914,65.49,-82.40,-47.55,-96.30,37.52,38.91,0.508087,-0.708832,-0.016754,0.488861
"2025-04-17T06:17:13.436Z",bak0EQ1249EhR2zo8jtPlA==,"WT901BLE67",0.5977,-0.8384,-0.2979,62.62,-54.69,189.03,-98.43,7.80,-33.39,0.639008,-0.710754,0.259552,-0.137878
"2025-04-17T06:17:13.295Z",EVoU4/j/V5+nc5YC16kNbQ==,"WT901BLE67",0.8696,0.3740,-0.1104,-92.47,3.72,-38.82,-78.98,-48.11,-3.04,0.666595,-0.621918,-0.280640,-0.300049
"2025-04-17T06:17:13.759Z",n0oRagX4y0BAEER+B6AKug==,"WT901BLE67",0.3979,0.1152,-0.5674,-137.45,44.01,142.94,-101.57,-40.42,91.80,0.574341,-0.437378,-0.648315,0.241669
"2025-04-17T06:17:13.758Z",A4TCCCcOpH8j7oTmMud4gA==,"WT901BLE67",-0.0957,-0.6011,-0.4312,42.18,-116.21,168.33,-83.33,50.17,51.76,0.431335,-0.587189,0.052368,0.682861
"2025-04-17T06:17:14.047Z",bak0EQ1249EhR2zo8jtPlA==,"WT901BLE67",0.5063,-0.1392,-0.1113,148.74,-208.80,234.38,-80.19,29.86,-17.27,0.755585,-0.585724,0.288239,0.053101
"2025-04-17T06:17:13.902Z",+UG3YJkPz/E5nyyWuZdCzQ==,"WT901BLE67",-0.0679,0.3394,-0.0532,-275.63,104.13,277.40,-29.20,0.62,-77.54,0.779602,-0.209839,0.228638,-0.543854
"2025-04-17T06:17:13.759Z",coMeIJiculHLY9tVdabqnA==,"WT901BLE67",-0.7031,0.1357,0.2715,188.35,-58.78,30.82,140.15,27.45,-146.01,0.149536,-0.300873,0.919342,0.204559
"2025-04-17T06:17:13.759Z",EVoU4/j/V5+nc5YC16kNbQ==,"WT901BLE67",0.4683,0.1875,-0.2627,-236.21,-48.46,68.60,-95.16,-46.43,-3.23,0.537445,-0.791260,-0.160217,-0.243439
"2025-04-17T06:17:14.779Z",bak0EQ1249EhR2zo8jtPlA==,"WT901BLE67",0.4878,0.1753,1.7871,142.21,5.74,-35.58,27.75,-36.44,38.64,0.845337,0.315430,-0.211090,0.375854
"2025-04-17T06:17:14.771Z",+UG3YJkPz/E5nyyWuZdCzQ==,"WT901BLE67",-1.8940,0.1001,-0.0386,32.90,161.44,26.73,115.13,59.90,111.80,0.577515,0.184723,0.780273,0.153076
"2025-04-17T06:17:15.152Z",n0oRagX4y0BAEER+B6AKug==,"WT901BLE67",-1.1318,-0.8872,0.0542,48.89,-9.52,199.34,-133.35,53.97,9.14,0.271301,-0.826935,0.127838,0.475525
"2025-04-17T06:17:15.152Z",coMeIJiculHLY9tVdabqnA==,"WT901BLE67",0.9839,-0.6274,-1.0396,158.51,120.06,11.05,-126.76,0.13,168.25,-0.051788,0.067413,0.867889,-0.489319
"2025-04-17T06:17:15.573Z",EVoU4/j/V5+nc5YC16kNbQ==,"WT901BLE67",-0.7300,-0.4600,-0.9194,-91.25,-57.74,70.62,-174.47,38.06,-46.12,0.137329,-0.849426,0.381104,0.338043
"2025-04-17T06:17:15.576Z",A4TCCCcOpH8j7oTmMud4gA==,"WT901BLE67",1.8511,0.1016,1.3389,-123.96,-280.70,-210.02,53.28,-63.15,88.22,0.424225,0.625427,-0.085632,0.649170
"2025-04-17T06:17:15.962Z",bak0EQ1249EhR2zo8jtPlA==,"WT901BLE67",1.5352,0.3740,1.7827,15.50,-124.27,-132.39,64.51,-25.47,-6.11,0.829926,0.509857,-0.213928,0.073517
"2025-04-17T06:17:15.574Z",+UG3YJkPz/E5nyyWuZdCzQ==,"WT901BLE67",-1.5947,0.8252,-0.5757,275.70,133.12,257.08,146.90,40.71,120.64,0.370270,0.447296,0.813446,0.032104
"2025-04-17T06:17:16.249Z",bak0EQ1249EhR2zo8jtPlA==,"WT901BLE67",1.0283,0.5952,1.2124,-191.10,76.23,234.92,49.13,-33.39,4.61,0.865601,0.408325,-0.245026,0.154327
"2025-04-17T06:17:16.392Z",n0oRagX4y0BAEER+B6AKug==,"WT901BLE67",-1.1206,-0.8496,-0.4351,-24.35,83.13,-153.69,-150.94,63.30,3.24,0.231964,-0.848999,0.047943,0.472229
"2025-04-17T06:17:16.248Z",coMeIJiculHLY9tVdabqnA==,"WT901BLE67",0.2188,-1.1499,-1.1543,-127.38,-111.51,76.97,-112.30,-3.10,178.12,0.005096,-0.000641,0.853271,-0.521332
"2025-04-17T06:17:16.792Z",A4TCCCcOpH8j7oTmMud4gA==,"WT901BLE67",-0.7607,1.1880,0.5596,43.95,-228.94,-55.18,-20.94,43.96,-176.69,-0.056335,-0.292358,-0.167328,0.939819
"2025-04-17T06:17:17.048Z",bak0EQ1249EhR2zo8jtPlA==,"WT901BLE67",-0.9883,0.3071,0.9907,269.84,-92.29,-284.42,-43.65,20.80,70.03,0.709259,-0.395660,-0.072571,0.578827
"2025-04-17T06:17:16.801Z",+UG3YJkPz/E5nyyWuZdCzQ==,"WT901BLE67",-0.2085,-1.1396,-0.0322,4.52,157.04,162.41,-36.77,14.47,-5.76,0.938690,-0.232513,0.253998,-0.013458
"2025-04-17T06:17:16.810Z",n0oRagX4y0BAEER+B6AKug==,"WT901BLE67",-0.3535,-0.1357,1.0981,82.34,249.76,454.65,-61.57,-36.33,10.70,0.854431,-0.472717,-0.213623,0.026947
"2025-04-17T06:17:17.354Z",EVoU4/j/V5+nc5YC16kNbQ==,"WT901BLE67",-0.9375,-1.3208,0.8359,-80.32,-64.88,457.46,-73.38,-18.56,-55.98,0.761749,-0.583038,0.185486,-0.212830
"2025-04-17T06:17:17.754Z",coMeIJiculHLY9tVdabqnA==,"WT901BLE67",-0.4297,0.0786,-1.3047,-112.49,-104.37,-57.01,-153.07,27.88,-156.21,0.334106,-0.221405,0.911896,-0.087799
"2025-04-17T06:17:17.754Z",EVoU4/j/V5+nc5YC16kNbQ==,"WT901BLE67",0.4463,-0.8789,-0.6499,15.44,-3.97,-170.53,-148.26,-13.41,0.29,0.269531,-0.944885,-0.132019,-0.130432
"2025-04-17T06:17:17.754Z",A4TCCCcOpH8j7oTmMud4gA==,"WT901BLE67",0.2129,-0.5508,1.0537,-102.29,124.51,21.06,-32.34,-27.17,144.33,0.356476,0.091400,-0.341339,0.864838
"2025-04-17T06:17:18.286Z",n0oRagX4y0BAEER+B6AKug==,"WT901BLE67",-0.3413,-0.4790,-0.3369,18.86,-85.39,-134.40,-129.89,2.50,69.08,0.337463,-0.751251,-0.505859,0.256378
"2025-04-17T06:17:18.428Z",bak0EQ1249EhR2zo8jtPlA==,"WT901BLE67",0.4712,-0.1943,0.7559,-164.06,39.55,9.28,-22.60,-31.66,32.31,0.920990,-0.106659,-0.309387,0.211090
"2025-04-17T06:17:17.755Z",+UG3YJkPz/E5nyyWuZdCzQ==,"WT901BLE67",-0.9902,0.1162,0.7568,12.08,-147.64,-43.46,46.24,57.20,15.52,0.854034,0.273651,0.428558,-0.109558
"2025-04-17T06:17:18.710Z",coMeIJiculHLY9tVdabqnA==,"WT901BLE67",-0.4336,-0.8223,0.0767,-30.21,-3.23,-87.65,-158.65,35.62,-129.33,0.344055,-0.368958,0.862488,-0.039063
"2025-04-17T06:17:18.986Z",EVoU4/j/V5+nc5YC16kNbQ==,"WT901BLE67",-0.0229,-0.6938,-0.7256,12.88,-15.99,4.64,-137.93,-3.72,14.75,0.359863,-0.923370,-0.131836,0.019196
"2025-04-17T06:17:19.129Z",+UG3YJkPz/E5nyyWuZdCzQ==,"WT901BLE67",-0.4248,0.5737,-1.1377,49.32,182.68,63.17,101.69,64.89,89.30,0.580627,0.275665,0.758453,0.107422
"2025-04-17T06:17:19.345Z",coMeIJiculHLY9tVdabqnA==,"WT901BLE67",-0.1738,-0.3394,-0.9375,-2.38,8.24,-5.43,-161.83,11.01,-140.82,0.134491,-0.315002,0.932434,-0.114807
"2025-04-17T06:17:19.129Z",A4TCCCcOpH8j7oTmMud4gA==,"WT901BLE67",1.1445,0.8945,-0.1265,154.36,-178.77,-124.57,1.79,-47.05,141.81,0.303619,0.527557,-0.049347,0.791809
"2025-04-17T06:17:19.129Z",n0oRagX4y0BAEER+B6AKug==,"WT901BLE67",-0.2949,-0.9106,-0.3408,9.58,-3.85,2.01,-110.65,14.69,75.56,0.385376,-0.687103,-0.439545,0.431335
"2025-04-17T06:17:19.768Z",bak0EQ1249EhR2zo8jtPlA==,"WT901BLE67",0.6665,1.4399,0.6870,258.00,-100.16,-86.30,35.65,-28.34,27.50,0.878723,0.343628,-0.155823,0.292175
"2025-04-17T06:17:20.053Z",A4TCCCcOpH8j7oTmMud4gA==,"WT901BLE67",1.1372,0.4258,0.5000,83.86,-153.63,-88.01,10.66,-58.33,130.31,0.326599,0.581818,-0.072998,0.741211
"2025-04-17T06:17:20.053Z",EVoU4/j/V5+nc5YC16kNbQ==,"WT901BLE67",-0.5498,-0.8047,-0.6558,12.45,-23.38,314.09,-142.50,3.03,-27.22,0.324066,-0.903137,0.280029,-0.027863
"2025-04-17T06:17:20.053Z",n0oRagX4y0BAEER+B6AKug==,"WT901BLE67",-0.6240,-0.5732,-0.0728,96.68,87.04,223.75,-116.59,16.65,37.98,0.468689,-0.820251,-0.060516,0.322113
"2025-04-17T06:17:20.053Z",coMeIJiculHLY9tVdabqnA==,"WT901BLE67",0.1162,-0.5547,-0.4785,139.71,187.44,117.07,-158.04,15.56,-174.53,0.068481,0.042694,0.969849,-0.229767
"2025-04-17T06:17:20.788Z",bak0EQ1249EhR2zo8jtPlA==,"WT901BLE67",0.5381,1.0044,0.9243,199.71,-9.09,-63.96,54.83,-29.99,16.98,0.830414,0.473785,-0.161499,0.244446
"2025-04-17T06:17:20.922Z",+UG3YJkPz/E5nyyWuZdCzQ==,"WT901BLE67",-1.0708,0.6440,-0.6572,69.95,193.12,24.29,130.06,38.55,110.53,0.417786,0.378296,0.809631,0.163422
"2025-04-17T06:17:21.197Z",coMeIJiculHLY9tVdabqnA==,"WT901BLE67",0.3438,-1.0049,-0.2881,147.09,91.06,13.43,-119.62,-9.21,149.94,-0.291565,0.189728,0.764954,-0.541992
"2025-04-17T06:17:21.197Z",EVoU4/j/V5+nc5YC16kNbQ==,"WT901BLE67",-0.8643,-0.2432,-0.8428,-84.90,-88.81,148.86,-170.87,44.95,-70.84,0.275391,-0.674286,0.589600,0.348907
"2025-04-17T06:17:21.201Z",A4TCCCcOpH8j7oTmMud4gA==,"WT901BLE67",1.0166,0.5894,0.4565,76.90,-120.18,-87.04,50.14,-58.33,102.48,0.338562,0.599701,0.025726,0.724548
"2025-04-17T06:17:21.706Z",bak0EQ1249EhR2zo8jtPlA==,"WT901BLE67",0.3867,0.9072,0.6870,144.53,-43.58,-48.83,60.11,-20.91,21.84,0.818481,0.513367,-0.060974,0.250458
"2025-04-17T06:17:21.705Z",n0oRagX4y0BAEER+B6AKug==,"WT901BLE67",-1.0596,-0.3467,-0.3618,30.33,-41.44,192.50,-172.40,77.81,-54.62,0.316742,-0.648743,0.417847,0.551422
"2025-04-17T06:17:21.850Z",+UG3YJkPz/E5nyyWuZdCzQ==,"WT901BLE67",-0.8169,0.5576,-0.6201,68.42,110.17,53.65,133.52,44.42,116.36,0.401855,0.361115,0.830597,0.134521
"2025-04-17T06:17:22.271Z",bak0EQ1249EhR2zo8jtPlA==,"WT901BLE67",1.0801,-0.2642,0.7593,-155.27,-119.32,89.97,-40.96,-11.16,5.17,0.932892,-0.343750,-0.106689,0.008087
"2025-04-17T06:17:22.268Z",n0oRagX4y0BAEER+B6AKug==,"WT901BLE67",-0.7178,-0.8364,-0.9731,-70.56,57.62,-205.87,-108.24,2.97,75.59,0.490265,-0.645660,-0.518921,0.270844
"2025-04-17T06:17:22.650Z",+UG3YJkPz/E5nyyWuZdCzQ==,"WT901BLE67",-0.5762,0.9272,0.7041,-107.42,-113.89,106.57,5.67,28.78,-37.99,0.913910,0.121277,0.215607,-0.321625
"2025-04-17T06:17:22.502Z",coMeIJiculHLY9tVdabqnA==,"WT901BLE67",-0.7144,-1.3804,-0.3198,-123.96,-116.33,149.05,-153.84,29.45,-134.68,0.378723,-0.197052,0.904205,-0.007324
"2025-04-17T06:17:22.502Z",EVoU4/j/V5+nc5YC16kNbQ==,"WT901BLE67",-0.1938,-0.3110,-1.3276,-23.99,205.63,-117.68,-134.52,-14.91,17.00,0.388580,-0.886017,-0.165710,-0.190796
"2025-04-17T06:17:22.502Z",A4TCCCcOpH8j7oTmMud4gA==,"WT901BLE67",0.6772,-0.9971,0.3691,-96.44,-74.34,188.90,-46.36,5.58,116.61,0.438477,-0.248840,-0.319305,0.802338
"2025-04-17T06:17:23.355Z",n0oRagX4y0BAEER+B6AKug==,"WT901BLE67",-0.0527,-1.4077,-0.4287,-129.46,-337.71,18.31,-129.28,4.84,28.40,0.356384,-0.874603,-0.248169,0.215332
"2025-04-17T06:17:23.596Z",bak0EQ1249EhR2zo8jtPlA==,"WT901BLE67",1.0166,-0.4941,1.3838,-169.49,110.11,-177.31,-22.58,-44.94,34.41,0.887726,-0.061890,-0.411530,0.196625
"2025-04-17T06:17:23.352Z",coMeIJiculHLY9tVdabqnA==,"WT901BLE67",-0.6875,-0.7251,-1.1543,-16.91,-173.16,-318.18,-136.37,46.33,-173.03,0.391052,0.049194,0.856628,-0.332794
"2025-04-17T06:17:23.347Z",EVoU4/j/V5+nc5YC16kNbQ==,"WT901BLE67",0.3979,-1.0664,-0.0122,-132.26,-312.38,105.29,-128.57,-34.75,-47.83,0.207764,-0.957153,0.139648,-0.145142
"2025-04-17T06:17:23.352Z",A4TCCCcOpH8j7oTmMud4gA==,"WT901BLE67",0.1763,-0.4683,1.0630,9.70,32.59,-242.86,-51.54,-26.39,164.48,0.336731,0.154053,-0.455963,0.809235
"2025-04-17T06:17:24.152Z",+UG3YJkPz/E5nyyWuZdCzQ==,"WT901BLE67",-1.0732,1.1167,0.7979,129.46,-179.02,-150.94,48.25,35.00,3.47,0.877777,0.393585,0.212891,-0.170807
"2025-04-17T06:17:24.403Z",EVoU4/j/V5+nc5YC16kNbQ==,"WT901BLE67",0.0620,-0.4917,-0.5674,-105.96,-166.20,-100.71,-113.73,-14.87,8.80,0.508026,-0.840881,-0.182526,-0.037384
"2025-04-17T06:17:24.403Z",A4TCCCcOpH8j7oTmMud4gA==,"WT901BLE67",0.3677,-0.6177,0.0894,-115.48,-41.26,-98.45,-44.98,-5.79,115.07,0.514893,-0.164734,-0.358429,0.761047
"2025-04-17T06:17:24.770Z",bak0EQ1249EhR2zo8jtPlA==,"WT901BLE67",1.0127,-0.5732,-0.0195,145.14,-139.47,91.25,-31.98,-28.17,15.13,0.933075,-0.234039,-0.267059,0.056305
"2025-04-17T06:17:24.902Z",+UG3YJkPz/E5nyyWuZdCzQ==,"WT901BLE67",-0.1104,0.8779,0.6558,-20.63,143.49,88.07,27.80,37.75,-31.00,0.882385,0.305756,0.279541,-0.222809
"2025-04-17T06:17:24.404Z",coMeIJiculHLY9tVdabqnA==,"WT901BLE67",-0.6797,-0.4971,-0.0659,125.06,-15.20,-51.70,-165.98,23.98,-139.48,0.286743,-0.229767,0.912170,-0.181152
"2025-04-17T06:17:24.770Z",EVoU4/j/V5+nc5YC16kNbQ==,"WT901BLE67",0.1606,-0.1597,-0.8813,-136.47,-19.10,81.73,-125.41,-10.57,17.17,0.377472,-0.923828,-0.060944,-0.016266
"2025-04-17T06:17:25.322Z",n0oRagX4y0BAEER+B6AKug==,"WT901BLE67",-0.5649,-0.5581,-0.8530,-150.76,312.44,281.98,-107.33,10.63,63.65,0.322693,-0.885101,-0.195038,0.272583
"2025-04-17T06:17:25.607Z",+UG3YJkPz/E5nyyWuZdCzQ==,"WT901BLE67",-0.7163,1.3013,0.8477,19.29,-220.46,-209.17,39.56,33.16,-25.44,0.889648,0.264923,0.102875,-0.357269
"2025-04-17T06:17:25.607Z",n0oRagX4y0BAEER+B6AKug==,"WT901BLE67",-0.6807,-1.0942,-1.2788,57.13,134.40,-323.18,-118.90,10.82,76.74,0.465179,-0.634430,-0.542328,0.294739
"2025-04-17T06:17:25.607Z",A4TCCCcOpH8j7oTmMud4gA==,"WT901BLE67",1.1377,-1.7168,0.2915,-132.20,254.46,44.56,-53.21,-18.80,114.64,0.463074,-0.293793,-0.436035,0.713440
"2025-04-17T06:17:26.131Z",bak0EQ1249EhR2zo8jtPlA==,"WT901BLE67",1.2808,-0.6631,0.2217,-200.26,-69.64,267.52,-60.26,-26.20,20.72,0.849060,-0.445648,-0.280731,0.039581
"2025-04-17T06:17:26.364Z",coMeIJiculHLY9tVdabqnA==,"WT901BLE67",-0.5151,-0.4580,0.1543,-235.72,25.33,402.22,163.75,40.37,-169.92,0.241455,0.098572,0.915039,0.307556
"2025-04-17T06:17:26.364Z",EVoU4/j/V5+nc5YC16kNbQ==,"WT901BLE67",0.2930,0.0034,-0.5044,97.66,409.79,-32.90,-107.11,-45.84,-7.25,0.576172,-0.657776,-0.078613,-0.478607
"2025-04-17T06:17:26.642Z",A4TCCCcOpH8j7oTmMud4gA==,"WT901BLE67",-0.2041,-0.0410,-0.2710,85.33,-116.64,319.27,-60.40,40.91,138.24,0.043213,-0.427155,-0.238312,0.871063
"2025-04-17T06:17:26.916Z",bak0EQ1249EhR2zo8jtPlA==,"WT901BLE67",-0.0801,-0.2842,-0.0996,-60.36,-91.43,302.00,-56.04,23.44,26.96,0.818237,-0.489136,0.067200,0.294312
"2025-04-17T06:17:26.913Z",coMeIJiculHLY9tVdabqnA==,"WT901BLE67",-0.4741,-0.1899,0.0239,-295.04,76.84,264.95,157.10,19.79,-158.57,0.042908,-0.058655,0.942444,0.326263
"2025-04-17T06:17:27.288Z",EVoU4/j/V5+nc5YC16kNbQ==,"WT901BLE67",0.3262,-0.1787,-0.2979,180.36,304.44,-77.09,-84.86,-34.93,-0.77,0.743042,-0.576660,-0.071167,-0.331909
"2025-04-17T06:17:26.912Z",n0oRagX4y0BAEER+B6AKug==,"WT901BLE67",0.0718,-0.3901,-0.4468,179.93,174.80,-333.80,-76.27,-32.00,73.95,0.808868,-0.270569,-0.474121,0.218231
"2025-04-17T06:17:27.133Z",+UG3YJkPz/E5nyyWuZdCzQ==,"WT901BLE67",0.1069,-0.1689,0.2686,-265.20,-80.63,146.24,-32.59,17.41,-47.14,0.886902,-0.248566,0.274017,-0.276459
"2025-04-17T06:17:27.444Z",A4TCCCcOpH8j7oTmMud4gA==,"WT901BLE67",-0.2627,-0.0044,-0.2490,-20.14,-85.88,284.30,-30.37,44.38,135.90,0.123138,-0.323029,-0.085968,0.934357
"2025-04-17T06:17:27.757Z",+UG3YJkPz/E5nyyWuZdCzQ==,"WT901BLE67",-0.6738,-0.8252,0.0688,128.36,105.90,176.33,-35.91,32.37,-28.62,0.908051,-0.160553,0.361633,-0.137115
"2025-04-17T06:17:28.032Z",coMeIJiculHLY9tVdabqnA==,"WT901BLE67",0.7813,-0.1367,-1.0444,500.92,-397.52,-184.81,-173.18,27.61,158.09,0.276031,0.166138,0.924377,-0.204041
"2025-04-17T06:17:27.757Z",A4TCCCcOpH8j7oTmMud4gA==,"WT901BLE67",-0.5176,0.9248,0.9326,31.49,-240.66,-146.12,-17.09,29.33,159.81,0.195801,-0.183777,-0.126038,0.954926
"2025-04-17T06:17:28.305Z",bak0EQ1249EhR2zo8jtPlA==,"WT901BLE67",-0.7988,0.1978,0.7505,127.99,-262.27,-345.09,-30.73,8.20,52.12,0.855621,-0.267731,-0.054199,0.439545
"2025-04-17T06:17:28.304Z",n0oRagX4y0BAEER+B6AKug==,"WT901BLE67",-0.3062,-1.0576,0.7515,-536.38,-73.79,396.91,-91.77,-4.18,26.94,0.322754,-0.876068,-0.189789,0.303650
"2025-04-17T06:17:28.445Z",EVoU4/j/V5+nc5YC16kNbQ==,"WT901BLE67",-0.2056,-1.2217,-0.5508,-693.66,-329.96,-96.86,-134.48,-15.47,-31.01,0.071106,-0.990295,0.112091,0.039825
"2025-04-17T06:17:28.853Z",coMeIJiculHLY9tVdabqnA==,"WT901BLE67",-0.6655,-1.0435,0.0981,242.98,77.70,-26.25,-120.61,43.56,-138.26,0.431915,-0.059204,0.794678,-0.422272
"2025-04-17T06:17:28.853Z",EVoU4/j/V5+nc5YC16kNbQ==,"WT901BLE67",-0.4917,-0.2148,-1.1646,-110.41,-61.22,269.04,-167.15,-2.94,-2.16,0.080994,-0.993073,0.084412,0.000427
"2025-04-17T06:17:29.346Z",A4TCCCcOpH8j7oTmMud4gA==,"WT901BLE67",1.2349,-1.0381,0.2764,-131.04,82.64,70.68,-50.84,-21.71,108.56,0.559326,-0.178284,-0.456207,0.668671
"2025-04-17T06:17:29.497Z",bak0EQ1249EhR2zo8jtPlA==,"WT901BLE67",0.4785,-0.2266,0.0488,-28.02,-15.44,101.99,-53.34,-33.48,18.59,0.865295,-0.382629,-0.323456,0.010590
"2025-04-17T06:17:29.496Z",+UG3YJkPz/E5nyyWuZdCzQ==,"WT901BLE67",-0.2114,0.6924,0.3965,-105.41,-83.44,24.84,31.55,23.27,-36.69,0.892517,0.277893,0.092163,-0.342896
"2025-04-17T06:17:29.874Z",coMeIJiculHLY9tVdabqnA==,"WT901BLE67",-0.2520,-0.1831,-0.0127,39.61,6.35,129.03,-154.20,51.34,-151.09,0.459534,-0.119965,0.875488,-0.088562
"2025-04-17T06:17:29.497Z",EVoU4/j/V5+nc5YC16kNbQ==,"WT901BLE67",-0.2881,0.0415,-1.1079,10.19,194.70,-68.18,-152.78,-10.91,20.87,0.266846,-0.934174,-0.161896,-0.172516
"2025-04-17T06:17:29.497Z",n0oRagX4y0BAEER+B6AKug==,"WT901BLE67",-0.1465,-0.2354,-0.3120,-22.34,127.99,-11.47,-118.61,-6.04,65.91,0.457428,-0.711151,-0.483185,0.226807
"2025-04-17T06:17:30.448Z",n0oRagX4y0BAEER+B6AKug==,"WT901BLE67",-0.8394,-1.2305,-1.0103,-66.53,374.02,-193.30,-141.26,-3.15,53.49,0.385925,-0.797974,-0.456604,-0.075623
"2025-04-17T06:17:30.451Z",EVoU4/j/V5+nc5YC16kNbQ==,"WT901BLE67",0.0386,-0.4668,-1.2148,34.48,418.70,-19.90,-172.63,-38.27,7.62,0.103943,-0.857056,-0.074738,-0.498962
"2025-04-17T06:17:30.874Z",bak0EQ1249EhR2zo8jtPlA==,"WT901BLE67",0.3423,-0.4385,0.4893,-176.15,10.93,255.68,-75.64,-17.71,54.10,0.738007,-0.484253,-0.383850,0.270874
"2025-04-17T06:17:30.721Z",+UG3YJkPz/E5nyyWuZdCzQ==,"WT901BLE67",-0.6235,0.3989,0.7925,-212.89,-223.88,107.91,19.76,7.19,-19.04,0.982635,0.090118,-0.028442,-0.159363
"2025-04-17T06:17:30.873Z",A4TCCCcOpH8j7oTmMud4gA==,"WT901BLE67",0.3921,-0.7500,0.7603,-139.47,83.19,284.91,-68.45,6.77,136.63,0.196716,-0.349792,-0.494019,0.771240
"2025-04-17T06:17:31.171Z",coMeIJiculHLY9tVdabqnA==,"WT901BLE67",-0.1948,-0.1968,-0.1313,-45.23,6.29,369.51,111.28,66.34,96.32,0.637238,0.293945,0.699402,0.135193
"2025-04-17T06:17:31.614Z",A4TCCCcOpH8j7oTmMud4gA==,"WT901BLE67",-0.1465,0.0254,1.1538,19.78,-107.85,173.83,-45.95,6.64,169.77,0.005920,-0.050049,-0.379120,0.923920
"2025-04-17T06:17:31.854Z",n0oRagX4y0BAEER+B6AKug==,"WT901BLE67",0.0415,-0.8398,0.3662,-82.70,-273.32,87.89,-111.02,-14.64,-9.13,0.537811,-0.837280,-0.020782,-0.095795
"2025-04-17T06:17:31.853Z",+UG3YJkPz/E5nyyWuZdCzQ==,"WT901BLE67",-0.8945,-0.6563,0.5791,130.68,15.87,35.77,8.53,26.97,19.75,0.955566,0.095001,0.256683,0.109009
"2025-04-17T06:17:31.857Z",coMeIJiculHLY9tVdabqnA==,"WT901BLE67",0.1875,0.0010,-0.9180,15.32,-103.27,-285.89,179.59,46.75,114.34,0.347046,0.394836,0.805023,-0.274780
"2025-04-17T06:17:32.311Z",bak0EQ1249EhR2zo8jtPlA==,"WT901BLE67",0.0352,-0.2456,0.9575,-42.36,26.12,-204.53,-44.07,-27.36,72.84,0.777374,-0.163147,-0.392822,0.463287
"2025-04-17T06:17:32.310Z",EVoU4/j/V5+nc5YC16kNbQ==,"WT901BLE67",0.1157,-0.7720,-0.3076,-94.36,-326.97,-132.87,-135.14,-31.37,-60.53,0.172821,-0.896759,0.287781,-0.288116
"2025-04-17T06:17:32.745Z",EVoU4/j/V5+nc5YC16kNbQ==,"WT901BLE67",0.1553,-0.5547,0.1973,-203.37,227.05,163.09,-86.13,-43.28,-71.58,0.388794,-0.660858,0.208649,-0.607025
"2025-04-17T06:17:32.745Z",n0oRagX4y0BAEER+B6AKug==,"WT901BLE67",0.3164,-0.1553,0.2275,-103.58,295.59,56.64,-82.02,-43.06,5.99,0.713745,-0.631012,-0.165680,-0.254578
"2025-04-17T06:17:33.177Z",bak0EQ1249EhR2zo8jtPlA==,"WT901BLE67",-0.9287,-0.0024,0.4272,226.81,-60.73,55.79,-54.49,25.70,66.52,0.668915,-0.481659,-0.079468,0.560486
"2025-04-17T06:17:33.331Z",+UG3YJkPz/E5nyyWuZdCzQ==,"WT901BLE67",-0.3271,-0.9717,0.1050,-52.37,208.56,104.37,-36.36,14.50,-13.18,0.933044,-0.270477,0.229309,-0.059753
"2025-04-17T06:17:32.745Z",coMeIJiculHLY9tVdabqnA==,"WT901BLE67",0.0762,0.4443,-0.1528,190.25,-19.96,260.31,141.42,27.93,122.54,0.288239,0.518677,0.801941,0.068176
"2025-04-17T06:17:33.023Z",A4TCCCcOpH8j7oTmMud4gA==,"WT901BLE67",-0.7764,0.8262,0.5635,157.90,-194.46,-18.13,-25.35,40.26,171.10,0.036224,-0.268921,-0.152557,0.950256
"2025-04-17T06:17:33.861Z",EVoU4/j/V5+nc5YC16kNbQ==,"WT901BLE67",-0.3281,0.3389,-1.5308,86.61,-59.94,-132.93,-156.81,-5.85,6.28,0.221222,-0.971191,-0.081085,-0.033966
"2025-04-17T06:17:33.858Z",n0oRagX4y0BAEER+B6AKug==,"WT901BLE67",-0.8154,-0.4126,-1.0967,30.70,-159.67,-180.85,-124.07,13.63,50.63,0.403748,-0.775146,-0.371796,0.312653
"2025-04-17T06:17:34.229Z",bak0EQ1249EhR2zo8jtPlA==,"WT901BLE67",1.6797,-0.8252,0.0571,-21.24,-9.64,33.51,-40.87,-23.15,25.06,0.911285,-0.293121,-0.257782,0.130737
"2025-04-17T06:17:33.861Z",coMeIJiculHLY9tVdabqnA==,"WT901BLE67",-0.8667,-1.2896,0.1758,-216.19,-71.72,-98.33,-128.33,43.47,-149.71,0.415344,-0.097443,0.865875,-0.260986
"2025-04-17T06:17:34.075Z",A4TCCCcOpH8j7oTmMud4gA==,"WT901BLE67",0.9448,-1.8267,-0.1997,-21.73,17.82,18.74,-44.27,-5.88,121.73,0.456299,-0.145020,-0.352356,0.804047
"2025-04-17T06:17:34.370Z",+UG3YJkPz/E5nyyWuZdCzQ==,"WT901BLE67",-0.1270,1.6206,1.0054,7.63,-31.31,-31.07,18.26,31.87,-31.39,0.909271,0.202576,0.223541,-0.286560
"2025-04-17T06:17:34.800Z",bak0EQ1249EhR2zo8jtPlA==,"WT901BLE67",0.6880,-0.5107,0.4668,60.73,-74.34,144.35,-42.86,-19.42,36.92,0.889771,-0.291870,-0.262939,0.232086
"2025-04-17T06:17:34.984Z",n0oRagX4y0BAEER+B6AKug==,"WT901BLE67",-0.6523,-0.7446,-0.7100,-88.87,252.08,255.98,-133.11,12.39,23.85,0.348969,-0.927826,-0.029724,0.127899
"2025-04-17T06:17:34.984Z",coMeIJiculHLY9tVdabqnA==,"WT901BLE67",-0.6777,-1.1035,-0.2964,336.36,54.38,146.06,-120.16,50.43,-168.24,0.399414,0.202972,0.769104,-0.455688
"2025-04-17T06:17:35.416Z",bak0EQ1249EhR2zo8jtPlA==,"WT901BLE67",-0.3237,-0.3447,-0.8916,144.53,34.06,-80.26,-101.11,9.33,51.68,0.542480,-0.715210,-0.288940,0.332489
"2025-04-17T06:17:35.393Z",+UG3YJkPz/E5nyyWuZdCzQ==,"WT901BLE67",1.0117,-0.2173,0.0381,59.75,111.15,-41.81,-13.87,-29.69,-16.57,0.952484,-0.134796,-0.207031,-0.177795
"2025-04-17T06:17:35.390Z",coMeIJiculHLY9tVdabqnA==,"WT901BLE67",0.5054,0.8638,0.7607,-88.62,0.92,26.37,94.92,32.49,76.64,0.619232,0.399109,0.647247,0.195435
"2025-04-17T06:17:35.390Z",EVoU4/j/V5+nc5YC16kNbQ==,"WT901BLE67",0.1821,0.5791,0.6987,27.77,-38.09,-22.77,-6.49,-74.47,-159.64,0.144836,-0.667297,-0.039154,-0.729462
"2025-04-17T06:17:35.401Z",A4TCCCcOpH8j7oTmMud4gA==,"WT901BLE67",-0.6831,-0.0537,-0.9868,93.57,-32.90,-103.82,-95.14,46.24,121.94,0.084412,-0.530731,-0.451263,0.712341
"2025-04-17T06:17:35.390Z",n0oRagX4y0BAEER+B6AKug==,"WT901BLE67",0.4155,0.8564,0.4072,22.77,-1.71,-93.32,-133.64,-80.50,28.91,0.445007,-0.641754,-0.428558,-0.454254
"2025-04-17T06:17:36.505Z",n0oRagX4y0BAEER+B6AKug==,"WT901BLE67",-0.6001,-0.8848,-1.9937,-33.39,27.10,-247.01,-123.07,12.27,45.82,0.480377,-0.795776,-0.350891,0.112946
"2025-04-17T06:17:36.515Z",A4TCCCcOpH8j7oTmMud4gA==,"WT901BLE67",0.8643,-1.3066,0.1660,-123.90,97.60,236.02,-57.43,-7.72,114.97,0.473907,-0.237244,-0.435394,0.727631
"2025-04-17T06:17:36.899Z",bak0EQ1249EhR2zo8jtPlA==,"WT901BLE67",1.0317,-0.5537,0.1431,-159.55,-69.89,268.31,-57.94,-27.85,25.65,0.853821,-0.411591,-0.309662,0.074860
"2025-04-17T06:17:36.516Z",+UG3YJkPz/E5nyyWuZdCzQ==,"WT901BLE67",-0.4873,1.2065,0.7852,-165.16,-222.90,9.22,28.13,25.34,-32.16,0.921875,0.213989,0.097809,-0.307678
"2025-04-17T06:17:36.745Z",coMeIJiculHLY9tVdabqnA==,"WT901BLE67",-0.7495,-0.4790,-0.0269,-48.16,-18.01,309.39,-167.82,56.46,170.54,0.473602,0.200378,0.853363,-0.084900
"2025-04-17T06:17:37.315Z",EVoU4/j/V5+nc5YC16kNbQ==,"WT901BLE67",0.2437,-0.0352,-0.6841,-10.86,291.63,40.47,-145.36,-35.56,-14.18,0.243835,-0.871307,0.075470,-0.419006
"2025-04-17T06:17:37.456Z",A4TCCCcOpH8j7oTmMud4gA==,"WT901BLE67",-0.0293,-0.3921,-0.0439,-67.57,-32.78,242.55,-65.34,17.25,127.02,0.125336,-0.352631,-0.410614,0.831421
"2025-04-17T06:17:37.745Z",A4TCCCcOpH8j7oTmMud4gA==,"WT901BLE67",0.2329,0.1460,1.1177,-57.86,12.76,-194.03,-36.79,-18.37,167.35,0.267517,0.123383,-0.330170,0.896729
"2025-04-17T06:17:37.999Z",bak0EQ1249EhR2zo8jtPlA==,"WT901BLE67",0.6792,-0.0137,1.3667,-112.92,31.49,-278.26,-20.64,-33.09,48.63,0.880371,-0.041077,-0.326019,0.341827
"2025-04-17T06:17:37.763Z",coMeIJiculHLY9tVdabqnA==,"WT901BLE67",-0.4458,-1.3589,-0.8696,-130.07,-166.32,-322.51,-118.48,38.52,171.11,0.260345,0.093903,0.832672,-0.479553
"2025-04-17T06:17:37.766Z",EVoU4/j/V5+nc5YC16kNbQ==,"WT901BLE67",-0.2598,-0.5918,-1.3003,7.02,-225.83,-313.72,-161.99,9.34,-32.97,0.194427,-0.953369,0.222961,0.058746
"2025-04-17T06:17:37.755Z",+UG3YJkPz/E5nyyWuZdCzQ==,"WT901BLE67",-0.9482,-0.1597,0.2827,184.69,13.73,-23.80,25.86,44.02,24.99,0.878082,0.245453,0.410431,-0.011993
"2025-04-17T06:17:37.998Z",n0oRagX4y0BAEER+B6AKug==,"WT901BLE67",-0.7876,-1.0820,-0.4985,-97.90,-354.00,-47.97,-128.40,25.47,5.49,0.401398,-0.851654,-0.071411,0.329193
"2025-04-17T06:17:38.841Z",A4TCCCcOpH8j7oTmMud4gA==,"WT901BLE67",0.3306,-0.5342,0.0723,37.29,-102.60,15.32,-35.90,-1.74,119.70,0.458832,-0.094177,-0.294281,0.833008
"2025-04-17T06:17:38.974Z",bak0EQ1249EhR2zo8jtPlA==,"WT901BLE67",0.9497,-0.3013,0.4961,135.44,-198.91,67.14,-31.50,-20.17,27.00,0.932434,-0.220490,-0.226288,0.175018
"2025-04-17T06:17:38.838Z",+UG3YJkPz/E5nyyWuZdCzQ==,"WT901BLE67",-0.2485,0.4810,0.4390,-15.63,88.50,74.83,7.88,40.02,-37.45,0.888947,0.204041,0.328949,-0.244568
"2025-04-17T06:17:38.837Z",EVoU4/j/V5+nc5YC16kNbQ==,"WT901BLE67",-0.0532,0.0425,-0.7388,-8.91,65.25,72.14,-156.47,-6.54,1.03,0.196106,-0.976349,0.082367,-0.037628
"2025-04-17T06:17:38.973Z",n0oRagX4y0BAEER+B6AKug==,"WT901BLE67",-0.7700,0.0229,-0.6982,-78.49,77.82,280.40,-121.80,11.18,36.40,0.354034,-0.889771,-0.142700,0.250000
"2025-04-17T06:17:39.375Z",coMeIJiculHLY9tVdabqnA==,"WT901BLE67",-0.0200,-0.7061,0.3921,296.20,35.16,-44.62,-132.40,42.56,-167.32,0.328278,0.119171,0.762939,-0.543945
"2025-04-17T06:17:39.802Z",bak0EQ1249EhR2zo8jtPlA==,"WT901BLE67",0.6235,-0.0986,1.0820,154.11,-173.77,138.61,-23.05,-26.20,43.36,0.903503,-0.098755,-0.278290,0.310455
"2025-04-17T06:17:39.801Z",n0oRagX4y0BAEER+B6AKug==,"WT901BLE67",-0.8491,-1.1357,-0.5693,102.60,60.30,178.28,-138.87,27.86,11.80,0.327637,-0.907867,0.036072,0.258881
"2025-04-17T06:17:40.220Z",EVoU4/j/V5+nc5YC16kNbQ==,"WT901BLE67",-0.2314,0.1465,-0.8906,-38.02,22.77,-101.87,159.78,5.12,-2.32,-0.189026,-0.980499,0.000488,0.052917
"2025-04-17T06:17:40.442Z",A4TCCCcOpH8j7oTmMud4gA==,"WT901BLE67",0.3667,-0.4224,0.8901,-83.50,-34.55,33.45,-22.75,-19.45,123.93,0.474792,0.049225,-0.275787,0.834259
"2025-04-17T06:17:40.219Z",n0oRagX4y0BAEER+B6AKug==,"WT901BLE67",1.0000,0.1514,-0.3618,-1.65,290.34,-37.17,157.78,-65.29,75.06,0.227448,-0.594849,-0.408844,-0.653595
"2025-04-17T06:17:40.746Z",bak0EQ1249EhR2zo8jtPlA==,"WT901BLE67",0.3110,-0.3447,0.8574,-53.65,-110.72,-15.63,-20.87,-16.13,12.37,0.970764,-0.163391,-0.156525,0.079590
"2025-04-17T06:17:40.443Z",+UG3YJkPz/E5nyyWuZdCzQ==,"WT901BLE67",-0.7979,0.0425,0.7271,39.12,-52.00,66.71,-2.92,49.06,-48.94,0.850311,0.177216,0.350769,-0.349915
"2025-04-17T06:17:40.443Z",coMeIJiculHLY9tVdabqnA==,"WT901BLE67",-1.2886,-0.2427,-0.9370,93.57,-15.32,194.64,-142.64,53.75,176.98,0.428406,0.176117,0.837158,-0.290680
"2025-04-17T06:17:41.276Z",n0oRagX4y0BAEER+B6AKug==,"WT901BLE67",0.3032,0.5342,0.8086,2.69,7.75,-3.05,32.83,-16.57,-143.45,0.335938,-0.042267,-0.308289,-0.888947
"2025-04-17T06:17:41.531Z",bak0EQ1249EhR2zo8jtPlA==,"WT901BLE67",0.4009,-0.4180,0.7642,6.90,10.99,15.75,-29.51,-24.90,11.87,0.944855,-0.225830,-0.233063,0.042999
"2025-04-17T06:17:41.300Z",coMeIJiculHLY9tVdabqnA==,"WT901BLE67",-0.5850,-0.6128,-0.5039,20.08,1.95,17.82,-129.30,36.80,-166.07,0.333954,0.039978,0.863556,-0.375549
"2025-04-17T06:17:41.276Z",+UG3YJkPz/E5nyyWuZdCzQ==,"WT901BLE67",-0.2969,0.2227,0.9785,-23.25,18.62,-19.35,14.13,16.23,-40.48,0.911987,0.150726,0.108612,-0.365570
"2025-04-17T06:17:41.846Z",A4TCCCcOpH8j7oTmMud4gA==,"WT901BLE67",0.3252,-0.7642,0.6396,9.16,3.85,4.03,-51.22,-18.08,133.88,0.411652,-0.037628,-0.446259,0.793640
"2025-04-17T06:17:42.245Z",coMeIJiculHLY9tVdabqnA==,"WT901BLE67",-0.5771,-0.6064,-0.5171,-3.66,1.28,0.67,-130.75,36.54,-169.61,0.318604,0.052521,0.872437,-0.366730
"2025-04-17T06:17:42.243Z",EVoU4/j/V5+nc5YC16kNbQ==,"WT901BLE67",-0.2134,0.2715,-0.9204,-1.46,0.61,-0.61,162.47,11.96,3.48,-0.154602,-0.981964,-0.045837,0.098236